jobNo,Title,Location,Institution,"List id (1,2,3)",1,2,3,4,5,6,7,8,9,10,11,12,13,14,15,16,17,18,19,20,21,22,23,24,25,26,27,28,29,30,31,32,33,34,35,36,37,38,39,40,41,42,43,44,45,46,47,48,49,50,51,52,53,54,55,56,57,58,59,60,61,62,63,64,65,66,67,68,69,70,71,72,73,74,75,76,77,78,79,80,81,82,83,84,85,86,87,88,89,90,91,92,93,94,95,96,97,98,99,100
0,Lead Platform Engineer,Ohio,['https://jobcareer.53.com/sap/public/bc/ur/YEOPGL101307/standard/ExternalJobBoard/index.html'],[1],0,0,0,0,0,0,0,0,0,0,0,0,0,4,0,0,0,0,0,0,0,0,0,3,0,0,1,0,0,0,0,0,0,0,0,0,0,0,0,0,0,0,0,0,0,0,0,2,2,0,0,0,0,0,0,0,0,0,0,0,0,0,0,0,0,0,0,0,0,0,1,0,0,0,0,0,0,0,0,0,0,0,0,0,0,0,0,0,0,0,0,1,0,0,0,1,0,0,0,4
0,Lead Platform Engineer,Ohio,['https://jobcareer.53.com/sap/public/bc/ur/YEOPGL101307/standard/ExternalJobBoard/index.html'],[2],0,0,0,0,0,0,0,3,0,0,0,0,0,0,0,0,0,0,0,0,0,0,0,0,0,0,0,0,0,0,0,0,0,0,0,0,0,0,0,0,0,0,0,0,0,0,0,0,0,0,0,0,0,0,0,0,0,0,0,0,0,0,0,0,0,1,1,0,0,0,0,0,0,0,0,0,1,0,0,0,0,0,0,0,0,0,0,0,0,0,0,0,0,0,0,0,0,0,4,0
0,Lead Platform Engineer,Ohio,['https://jobcareer.53.com/sap/public/bc/ur/YEOPGL101307/standard/ExternalJobBoard/index.html'],[3],0,0,0,0,0,0,0,0,0,0,0,0,0,0,0,0,0,0,0,0,0,0,2,2,0,0,0,8,0,0,0,0,0,0,0,0,0,0,0,0,0,0,0,0,0,0,0,0,0,0,0,0,0,0,0,0,0,0,0,0,0,0,0,0,0,0,0,0,0,0,0,0,0,0,0,0,0,0,0,0,0,0,0,0,0,0,0,0,0,0,0,0,0,0,0,0,0,0,0,0
1,Card Services - Manager Collections Strategy,Ohio,['https://jobcareer.53.com/sap/public/bc/ur/YEOPGL101307/standard/ExternalJobBoard/index.html'],[1],0,0,0,0,0,0,1,0,0,0,0,0,0,0,0,0,0,0,0,0,0,0,0,1,0,0,1,0,0,0,0,0,0,0,0,0,0,0,0,0,1,0,0,0,0,0,0,0,1,0,0,0,0,0,0,0,0,0,0,0,0,0,0,0,0,2,0,0,0,0,0,0,0,0,0,0,0,0,0,0,0,0,0,0,0,0,0,0,0,0,0,0,0,0,0,0,0,0,0,0
1,Card Services - Manager Collections Strategy,Ohio,['https://jobcareer.53.com/sap/public/bc/ur/YEOPGL101307/standard/ExternalJobBoard/index.html'],[2],0,0,0,0,0,0,0,1,0,0,0,0,0,0,0,0,0,0,0,0,0,0,0,0,0,0,0,0,0,0,0,0,0,0,0,0,0,0,0,0,0,0,0,0,0,0,0,0,0,0,0,0,0,0,0,0,0,0,0,0,0,0,0,0,0,0,0,0,0,0,0,0,0,0,0,0,0,0,0,0,0,0,0,0,0,0,0,0,0,0,0,0,0,0,0,0,0,0,0,0
1,Card Services - Manager Collections Strategy,Ohio,['https://jobcareer.53.com/sap/public/bc/ur/YEOPGL101307/standard/ExternalJobBoard/index.html'],[3],0,0,0,0,0,0,0,0,0,0,0,0,0,0,0,0,0,0,0,0,0,0,0,0,0,0,0,16,1,0,0,0,0,0,1,0,0,0,0,0,0,0,0,0,0,0,0,0,0,0,0,0,0,0,0,0,0,0,0,0,0,0,0,0,0,0,0,0,0,0,0,0,0,0,0,0,0,0,0,0,0,0,0,0,0,0,0,0,0,0,0,0,0,0,0,0,0,0,0,0
2,Lead CSR / Teller - Chesterton BC - Full Time,Indiana,['https://jobcareer.53.com/sap/public/bc/ur/YEOPGL101307/standard/ExternalJobBoard/index.html'],[1],7,0,1,0,0,0,0,0,0,0,0,5,0,0,2,0,0,0,0,0,0,0,0,3,0,0,1,3,0,0,0,0,0,0,1,0,0,0,0,0,1,0,0,0,0,0,0,0,0,0,0,0,0,0,0,0,0,0,0,0,0,0,0,0,0,0,0,0,0,0,0,0,0,0,0,0,0,0,0,0,0,0,0,0,0,0,0,0,0,0,0,1,0,0,0,0,0,0,0,14
2,Lead CSR / Teller - Chesterton BC - Full Time,Indiana,['https://jobcareer.53.com/sap/public/bc/ur/YEOPGL101307/standard/ExternalJobBoard/index.html'],[2],1,0,0,0,0,0,5,3,0,7,0,0,0,0,0,0,0,0,0,0,0,3,0,0,0,0,0,0,0,0,0,0,0,0,0,0,5,0,0,1,0,0,0,3,0,0,0,0,2,0,0,0,0,0,0,0,1,0,0,0,0,0,0,0,0,0,2,0,0,0,1,0,0,0,0,0,0,0,0,0,0,0,0,0,0,0,0,0,0,0,0,4,0,0,0,0,0,0,14,0
2,Lead CSR / Teller - Chesterton BC - Full Time,Indiana,['https://jobcareer.53.com/sap/public/bc/ur/YEOPGL101307/standard/ExternalJobBoard/index.html'],[3],0,0,0,0,0,0,0,0,0,0,0,0,0,0,0,0,0,0,0,0,0,0,11,0,0,0,0,40,1,0,0,0,0,0,1,0,4,0,0,0,0,0,0,0,0,0,0,0,0,3,0,0,0,0,0,0,0,0,0,0,0,0,0,0,0,0,0,0,0,0,0,0,0,0,0,0,0,0,0,0,0,0,0,0,0,0,0,0,0,0,0,0,0,0,0,0,0,0,0,0
3,CSR / Teller - Chesterton BC - Part Time,Indiana,['https://jobcareer.53.com/sap/public/bc/ur/YEOPGL101307/standard/ExternalJobBoard/index.html'],[1],4,0,1,0,0,0,0,0,0,0,0,5,0,0,1,0,0,0,0,0,0,0,0,1,0,0,1,1,0,0,0,0,0,0,1,0,0,0,0,0,1,0,0,0,0,0,0,0,0,0,0,0,0,0,0,0,0,0,0,0,0,0,0,0,0,0,0,0,0,0,0,0,0,0,0,0,0,0,0,0,0,0,0,0,0,0,0,0,0,0,0,1,0,0,0,0,0,0,0,12
3,CSR / Teller - Chesterton BC - Part Time,Indiana,['https://jobcareer.53.com/sap/public/bc/ur/YEOPGL101307/standard/ExternalJobBoard/index.html'],[2],1,0,0,0,0,0,3,1,0,4,0,0,0,0,0,0,0,0,0,0,0,1,0,0,0,0,0,0,0,0,0,0,0,0,0,0,5,0,0,1,0,0,0,1,0,0,0,0,1,0,0,0,0,0,0,0,1,0,0,0,0,0,0,0,0,0,2,0,0,0,1,0,0,0,0,0,0,0,0,0,0,0,0,0,0,0,0,0,0,0,0,3,0,0,0,0,0,0,12,0
3,CSR / Teller - Chesterton BC - Part Time,Indiana,['https://jobcareer.53.com/sap/public/bc/ur/YEOPGL101307/standard/ExternalJobBoard/index.html'],[3],0,0,0,0,0,0,0,0,0,0,0,0,0,0,0,0,0,0,0,0,0,0,7,0,0,0,0,27,1,0,0,0,0,0,1,0,3,0,0,0,0,0,0,0,0,0,0,0,0,1,0,0,0,0,0,0,0,0,0,0,0,0,0,0,0,0,0,0,0,0,0,0,0,0,0,0,0,0,0,0,0,0,0,0,0,0,0,0,0,0,0,0,0,0,0,0,0,0,0,0
4,Retail Personal Banker Associate I.,Michigan,['https://jobcareer.53.com/sap/public/bc/ur/YEOPGL101307/standard/ExternalJobBoard/index.html'],[1],5,0,1,0,0,0,0,0,0,0,0,0,0,4,1,0,0,0,0,0,0,0,0,3,1,0,2,0,0,0,0,0,0,0,0,0,0,0,0,0,0,0,0,2,0,0,0,2,1,0,0,0,0,0,0,0,0,0,0,1,0,0,0,0,0,0,0,0,0,0,2,0,0,0,0,0,0,0,0,0,0,0,0,1,0,0,0,0,0,0,0,1,0,0,0,0,0,0,0,14
4,Retail Personal Banker Associate I.,Michigan,['https://jobcareer.53.com/sap/public/bc/ur/YEOPGL101307/standard/ExternalJobBoard/index.html'],[2],1,0,0,0,1,0,1,3,0,5,0,0,0,0,0,0,1,0,0,0,0,0,0,0,0,0,0,0,0,0,0,0,0,0,0,0,0,0,1,0,0,0,0,0,0,0,0,0,1,0,0,0,0,0,1,0,1,0,0,0,0,0,0,0,0,0,2,0,0,0,0,0,0,0,0,0,1,0,0,0,0,0,0,0,0,0,0,0,0,0,0,1,0,0,0,0,0,0,14,0
4,Retail Personal Banker Associate I.,Michigan,['https://jobcareer.53.com/sap/public/bc/ur/YEOPGL101307/standard/ExternalJobBoard/index.html'],[3],0,0,0,0,0,1,0,0,0,0,0,0,0,0,0,0,0,0,0,0,0,0,12,0,0,0,0,39,0,0,0,0,0,0,0,0,1,0,0,0,0,0,1,0,0,0,0,0,0,0,0,0,0,0,0,0,0,0,0,0,0,0,0,0,0,0,0,0,0,0,0,0,0,0,0,0,0,0,0,0,0,0,0,0,0,0,0,0,0,0,0,0,0,0,0,0,0,0,0,0
5,Retail Personal Banker Associate I.,Michigan,['https://jobcareer.53.com/sap/public/bc/ur/YEOPGL101307/standard/ExternalJobBoard/index.html'],[1],5,0,1,0,0,0,0,0,0,0,0,0,0,4,1,0,0,0,0,0,0,0,0,3,1,0,2,0,0,0,0,0,0,0,0,0,0,0,0,0,0,0,0,2,0,0,0,2,1,0,0,0,0,0,0,0,0,0,0,1,0,0,0,0,0,0,0,0,0,0,2,0,0,0,0,0,0,0,0,0,0,0,0,1,0,0,0,0,0,0,0,1,0,0,0,0,0,0,0,14
5,Retail Personal Banker Associate I.,Michigan,['https://jobcareer.53.com/sap/public/bc/ur/YEOPGL101307/standard/ExternalJobBoard/index.html'],[2],1,0,0,0,1,0,1,3,0,5,0,0,0,0,0,0,1,0,0,0,0,0,0,0,0,0,0,0,0,0,0,0,0,0,0,0,0,0,1,0,0,0,0,0,0,0,0,0,1,0,0,0,0,0,1,0,1,0,0,0,0,0,0,0,0,0,2,0,0,0,0,0,0,0,0,0,1,0,0,0,0,0,0,0,0,0,0,0,0,0,0,1,0,0,0,0,0,0,14,0
5,Retail Personal Banker Associate I.,Michigan,['https://jobcareer.53.com/sap/public/bc/ur/YEOPGL101307/standard/ExternalJobBoard/index.html'],[3],0,0,0,0,0,1,0,0,0,0,0,0,0,0,0,0,0,0,0,0,0,0,12,0,0,0,0,39,0,0,0,0,0,0,0,0,1,0,0,0,0,0,1,0,0,0,0,0,0,0,0,0,0,0,0,0,0,0,0,0,0,0,0,0,0,0,0,0,0,0,0,0,0,0,0,0,0,0,0,0,0,0,0,0,0,0,0,0,0,0,0,0,0,0,0,0,0,0,0,0
6,Retail Personal Banker Associate i,Florida,['https://jobcareer.53.com/sap/public/bc/ur/YEOPGL101307/standard/ExternalJobBoard/index.html'],[1],5,0,1,0,0,0,0,0,0,0,0,0,0,4,1,0,0,0,0,0,0,0,0,3,1,0,2,0,0,0,0,0,0,0,0,0,0,0,0,0,0,0,0,2,0,0,0,2,1,0,0,0,0,0,0,0,0,0,0,1,0,0,0,0,0,0,0,0,0,0,2,0,0,0,0,0,0,0,0,0,0,0,0,1,0,0,0,0,0,0,0,1,0,0,0,0,0,0,0,14
6,Retail Personal Banker Associate i,Florida,['https://jobcareer.53.com/sap/public/bc/ur/YEOPGL101307/standard/ExternalJobBoard/index.html'],[2],1,0,0,0,1,0,1,3,0,5,0,0,0,0,0,0,1,0,0,0,0,0,0,0,0,0,0,0,0,0,0,0,0,0,0,0,0,0,1,0,0,0,0,0,0,0,0,0,1,0,0,0,0,0,1,0,1,0,0,0,0,0,0,0,0,0,2,0,0,0,0,0,0,0,0,0,1,0,0,0,0,0,0,0,0,0,0,0,0,0,0,1,0,0,0,0,0,0,14,0
6,Retail Personal Banker Associate i,Florida,['https://jobcareer.53.com/sap/public/bc/ur/YEOPGL101307/standard/ExternalJobBoard/index.html'],[3],0,0,0,0,0,1,0,0,0,0,0,0,0,0,0,0,0,0,0,0,0,0,12,0,0,0,0,39,0,0,0,0,0,0,0,0,1,0,0,0,0,0,1,0,0,0,0,0,0,0,0,0,0,0,0,0,0,0,0,0,0,0,0,0,0,0,0,0,0,0,0,0,0,0,0,0,0,0,0,0,0,0,0,0,0,0,0,0,0,0,0,0,0,0,0,0,0,0,0,0
7,Senior Manager Payment Card Network Compliance,Ohio,['https://jobcareer.53.com/sap/public/bc/ur/YEOPGL101307/standard/ExternalJobBoard/index.html'],[1],0,0,1,0,2,1,0,0,0,0,0,0,0,15,0,0,0,0,0,0,0,0,0,6,0,0,0,2,0,1,0,0,1,0,0,0,0,0,0,0,0,0,0,0,0,0,0,0,0,0,0,0,0,0,0,0,0,0,0,1,0,0,0,0,0,1,0,0,0,0,1,0,0,1,0,5,0,0,0,0,0,0,0,0,0,0,0,0,0,0,0,1,0,0,0,3,0,0,0,11
7,Senior Manager Payment Card Network Compliance,Ohio,['https://jobcareer.53.com/sap/public/bc/ur/YEOPGL101307/standard/ExternalJobBoard/index.html'],[2],1,0,0,0,0,0,2,6,0,0,0,0,0,0,0,0,0,0,0,0,0,2,0,0,0,0,0,1,0,0,1,0,0,0,0,0,0,0,0,0,0,1,0,2,0,0,0,4,0,0,0,0,0,0,1,0,4,0,0,0,0,0,0,0,0,3,3,0,0,0,0,0,0,0,0,0,2,0,0,0,0,0,0,0,0,0,0,4,0,0,0,1,0,0,0,0,0,0,11,0
7,Senior Manager Payment Card Network Compliance,Ohio,['https://jobcareer.53.com/sap/public/bc/ur/YEOPGL101307/standard/ExternalJobBoard/index.html'],[3],0,0,0,0,0,0,0,0,0,0,0,0,0,0,0,0,0,0,0,0,0,0,2,0,0,0,0,29,0,0,0,0,0,0,0,0,1,0,0,0,0,0,0,0,0,1,0,0,0,2,0,0,0,0,0,0,0,0,0,0,0,0,0,0,0,0,0,0,0,0,0,0,0,0,0,0,0,0,0,0,0,0,0,0,0,0,0,0,0,0,0,0,0,0,0,0,0,0,0,0
8,Lead Product Owner - Data Platform,Ohio,['https://jobcareer.53.com/sap/public/bc/ur/YEOPGL101307/standard/ExternalJobBoard/index.html'],[1],0,0,0,0,4,0,0,0,0,0,0,0,2,4,0,0,0,0,0,0,0,0,0,11,0,0,2,0,0,0,0,0,0,0,0,0,0,0,0,0,0,0,0,0,0,1,0,0,0,0,0,0,0,1,0,0,0,0,0,2,0,0,0,0,0,2,0,0,0,0,3,0,0,1,0,0,0,0,0,0,0,0,0,1,0,0,0,0,0,2,0,1,0,0,0,2,0,0,0,6
8,Lead Product Owner - Data Platform,Ohio,['https://jobcareer.53.com/sap/public/bc/ur/YEOPGL101307/standard/ExternalJobBoard/index.html'],[2],0,0,0,1,0,0,0,11,0,0,0,0,0,0,0,0,0,0,0,0,0,0,0,2,0,0,1,1,0,0,0,0,0,0,0,0,0,0,0,0,0,1,0,0,0,0,0,1,0,0,0,0,0,0,2,0,1,0,0,0,0,0,0,0,0,2,0,0,0,0,0,0,0,0,0,0,1,0,0,0,0,0,0,0,0,0,0,1,0,0,0,4,0,0,0,1,0,0,6,0
8,Lead Product Owner - Data Platform,Ohio,['https://jobcareer.53.com/sap/public/bc/ur/YEOPGL101307/standard/ExternalJobBoard/index.html'],[3],0,0,0,0,0,0,0,0,0,0,0,1,0,0,0,0,0,0,0,0,0,0,8,0,0,0,0,19,0,0,0,0,0,0,0,0,4,0,0,0,0,0,0,0,0,0,0,0,0,0,0,0,0,0,0,0,0,0,0,0,0,0,0,0,0,0,0,0,0,0,0,0,0,0,0,0,0,0,0,0,0,0,0,0,0,0,5,0,0,0,0,0,0,0,2,0,0,0,0,0
9,Digital Product Owner Assoicate,Ohio,['https://jobcareer.53.com/sap/public/bc/ur/YEOPGL101307/standard/ExternalJobBoard/index.html'],[1],0,1,0,0,3,0,0,0,0,0,0,0,1,3,0,0,0,0,0,0,0,0,0,5,0,0,2,0,0,0,0,0,0,0,0,0,0,0,0,0,0,0,0,0,0,1,0,0,2,0,0,0,0,1,0,0,0,0,0,0,0,0,0,0,0,4,0,0,0,0,2,0,0,1,0,0,0,0,0,0,0,0,0,0,0,0,0,0,0,2,0,1,0,0,0,1,0,0,0,7
9,Digital Product Owner Assoicate,Ohio,['https://jobcareer.53.com/sap/public/bc/ur/YEOPGL101307/standard/ExternalJobBoard/index.html'],[2],0,0,0,1,0,0,0,5,1,0,0,0,0,0,0,0,0,0,0,0,0,0,0,1,0,0,1,1,0,0,0,0,0,0,0,0,0,0,0,0,0,0,0,0,0,0,0,0,0,0,0,0,0,0,0,0,0,0,0,0,0,0,0,0,0,1,0,0,0,0,0,0,0,0,0,0,1,0,0,0,0,0,0,0,0,0,0,0,0,0,0,1,0,0,0,1,0,0,7,0
9,Digital Product Owner Assoicate,Ohio,['https://jobcareer.53.com/sap/public/bc/ur/YEOPGL101307/standard/ExternalJobBoard/index.html'],[3],0,0,0,0,0,0,0,0,0,0,0,0,0,0,0,0,0,0,0,0,0,0,8,0,0,0,0,17,0,0,0,0,0,0,0,0,1,0,0,0,0,0,0,0,0,0,0,0,0,0,0,0,0,0,0,0,0,0,0,0,0,0,0,0,0,0,0,0,0,0,0,0,0,0,0,0,0,0,0,0,0,0,0,0,0,0,3,0,0,0,0,0,0,0,0,0,0,0,0,0
10,Retail Personal Banker Associate I,Tennessee,['https://jobcareer.53.com/sap/public/bc/ur/YEOPGL101307/standard/ExternalJobBoard/index.html'],[1],5,0,1,0,0,0,0,0,0,0,0,0,0,4,1,0,0,0,0,0,0,0,0,3,1,0,2,0,0,0,0,0,0,0,0,0,0,0,0,0,0,0,0,2,0,0,0,2,1,0,0,0,0,0,0,0,0,0,0,1,0,0,0,0,0,0,0,0,0,0,2,0,0,0,0,0,0,0,0,0,0,0,0,1,0,0,0,0,0,0,0,1,0,0,0,0,0,0,0,14
10,Retail Personal Banker Associate I,Tennessee,['https://jobcareer.53.com/sap/public/bc/ur/YEOPGL101307/standard/ExternalJobBoard/index.html'],[2],1,0,0,0,1,0,1,3,0,5,0,0,0,0,0,0,1,0,0,0,0,0,0,0,0,0,0,0,0,0,0,0,0,0,0,0,0,0,1,0,0,0,0,0,0,0,0,0,1,0,0,0,0,0,1,0,1,0,0,0,0,0,0,0,0,0,2,0,0,0,0,0,0,0,0,0,1,0,0,0,0,0,0,0,0,0,0,0,0,0,0,1,0,0,0,0,0,0,14,0
10,Retail Personal Banker Associate I,Tennessee,['https://jobcareer.53.com/sap/public/bc/ur/YEOPGL101307/standard/ExternalJobBoard/index.html'],[3],0,0,0,0,0,1,0,0,0,0,0,0,0,0,0,0,0,0,0,0,0,0,12,0,0,0,0,39,0,0,0,0,0,0,0,0,1,0,0,0,0,0,1,0,0,0,0,0,0,0,0,0,0,0,0,0,0,0,0,0,0,0,0,0,0,0,0,0,0,0,0,0,0,0,0,0,0,0,0,0,0,0,0,0,0,0,0,0,0,0,0,0,0,0,0,0,0,0,0,0
11,Financial Center Manager II - Chicago Heights,Illinois,['https://jobcareer.53.com/sap/public/bc/ur/YEOPGL101307/standard/ExternalJobBoard/index.html'],[1],3,0,2,0,0,0,0,0,0,0,0,0,0,3,0,1,0,0,0,0,0,0,0,7,0,0,1,1,0,1,0,0,0,0,0,0,0,0,0,0,0,0,0,0,1,0,0,0,3,0,0,0,0,0,0,0,0,0,0,3,0,0,0,0,0,4,0,0,0,0,3,0,0,0,0,0,0,0,0,0,0,0,0,1,0,0,0,0,0,0,0,2,0,0,0,0,0,0,0,4
11,Financial Center Manager II - Chicago Heights,Illinois,['https://jobcareer.53.com/sap/public/bc/ur/YEOPGL101307/standard/ExternalJobBoard/index.html'],[2],2,0,0,0,0,0,3,7,0,3,0,0,0,0,0,0,0,0,0,0,0,1,0,0,0,0,0,0,0,0,0,0,0,0,0,0,0,0,0,0,0,0,0,1,0,0,0,0,0,0,0,0,0,0,3,0,1,0,0,0,0,0,0,0,0,0,0,0,0,0,0,0,0,0,0,0,1,0,0,0,0,0,0,0,0,0,0,0,0,0,0,0,0,0,0,0,0,0,4,0
11,Financial Center Manager II - Chicago Heights,Illinois,['https://jobcareer.53.com/sap/public/bc/ur/YEOPGL101307/standard/ExternalJobBoard/index.html'],[3],0,0,0,0,0,0,0,0,0,0,0,0,0,0,0,0,0,0,0,0,0,0,9,0,0,0,0,22,0,0,0,0,0,0,0,0,0,0,0,0,0,0,1,0,0,0,0,0,0,1,0,0,0,0,0,0,0,0,0,0,0,0,0,0,0,0,0,0,0,0,0,0,0,0,0,0,0,0,0,0,0,0,0,0,0,0,0,0,0,0,0,0,0,0,0,0,0,0,0,0
12,Disputes Servicing Supervisor - 1st Shift w/Saturday Rotation,Michigan,['https://jobcareer.53.com/sap/public/bc/ur/YEOPGL101307/standard/ExternalJobBoard/index.html'],[1],1,0,0,0,0,0,0,0,0,0,0,0,0,4,1,0,0,0,0,0,0,0,0,0,0,0,1,0,0,1,0,0,0,0,0,0,0,0,0,0,0,0,0,0,0,0,0,0,0,0,0,0,0,0,0,0,0,0,0,1,0,1,0,0,0,0,0,0,0,0,2,0,0,0,0,0,0,0,0,0,0,0,0,0,0,0,0,0,0,0,0,1,0,0,0,0,0,0,0,4
12,Disputes Servicing Supervisor - 1st Shift w/Saturday Rotation,Michigan,['https://jobcareer.53.com/sap/public/bc/ur/YEOPGL101307/standard/ExternalJobBoard/index.html'],[2],0,0,0,0,0,0,1,0,0,1,0,0,0,0,0,0,0,0,0,0,0,0,0,0,0,0,0,0,0,0,0,0,0,0,0,0,0,1,0,0,0,0,0,0,0,0,0,0,1,0,0,0,0,0,1,0,0,0,0,0,0,0,0,0,0,0,0,0,0,0,0,0,0,0,0,0,1,0,0,0,0,0,0,0,0,0,0,0,0,0,0,0,0,0,0,0,0,0,4,0
12,Disputes Servicing Supervisor - 1st Shift w/Saturday Rotation,Michigan,['https://jobcareer.53.com/sap/public/bc/ur/YEOPGL101307/standard/ExternalJobBoard/index.html'],[3],0,0,0,0,0,0,0,0,0,0,0,0,0,0,0,0,0,0,0,0,0,0,8,0,0,0,0,20,0,0,0,0,0,0,0,0,0,0,0,0,0,0,0,0,0,0,0,0,0,0,0,0,0,0,0,0,0,0,0,0,0,0,0,0,0,0,0,0,0,0,0,0,0,0,0,0,0,0,0,0,0,0,0,0,0,0,0,0,0,0,0,1,0,0,0,0,0,0,0,0
13,CSR / Teller - Newport FC - Part Time,Kentucky,['https://jobcareer.53.com/sap/public/bc/ur/YEOPGL101307/standard/ExternalJobBoard/index.html'],[1],1,0,3,0,1,0,0,0,0,0,0,0,0,3,1,0,0,0,0,0,0,0,0,6,0,0,1,1,0,0,0,0,0,0,0,0,0,0,0,0,0,0,0,0,0,0,0,0,1,0,0,0,0,0,0,0,0,0,0,0,0,0,0,0,0,1,0,0,0,0,3,0,0,0,0,0,0,0,0,0,0,0,0,0,0,0,0,0,0,0,0,2,0,0,0,0,0,0,0,18
13,CSR / Teller - Newport FC - Part Time,Kentucky,['https://jobcareer.53.com/sap/public/bc/ur/YEOPGL101307/standard/ExternalJobBoard/index.html'],[2],3,0,0,0,0,0,3,6,0,1,0,0,0,0,0,0,1,0,0,0,0,1,0,0,0,0,0,0,0,0,0,0,0,0,0,0,0,0,0,0,0,0,0,1,0,0,0,0,1,0,0,0,0,0,0,0,2,0,0,0,0,0,0,0,0,0,0,0,0,0,0,0,0,0,0,0,1,0,0,0,0,0,0,0,0,0,0,0,0,0,0,6,0,0,0,0,0,0,18,0
13,CSR / Teller - Newport FC - Part Time,Kentucky,['https://jobcareer.53.com/sap/public/bc/ur/YEOPGL101307/standard/ExternalJobBoard/index.html'],[3],0,0,0,0,0,0,0,0,0,0,0,0,0,0,0,0,0,0,0,0,0,0,15,0,0,0,0,21,0,0,0,0,0,0,0,0,6,0,0,0,0,0,2,0,0,0,0,0,0,1,0,0,0,0,0,0,0,0,0,0,0,0,0,0,0,0,0,0,0,0,0,0,0,0,0,0,0,0,0,0,0,0,0,0,0,0,0,0,0,0,0,0,0,0,0,0,0,0,0,0
14,Principal Platform Engineer,Ohio,['https://jobcareer.53.com/sap/public/bc/ur/YEOPGL101307/standard/ExternalJobBoard/index.html'],[1],0,0,0,0,0,0,0,0,0,0,0,0,0,4,0,0,0,0,0,0,0,0,0,2,0,0,1,0,0,1,0,0,0,0,0,0,0,0,0,0,0,0,0,0,0,0,0,1,3,0,0,0,0,0,1,0,0,0,0,0,0,0,0,0,0,0,0,0,0,0,2,0,0,0,0,0,0,0,0,0,0,0,0,0,0,0,0,0,0,0,0,1,0,0,0,1,0,0,0,4
14,Principal Platform Engineer,Ohio,['https://jobcareer.53.com/sap/public/bc/ur/YEOPGL101307/standard/ExternalJobBoard/index.html'],[2],0,0,0,0,0,0,0,2,0,0,0,0,0,0,0,0,0,0,0,0,0,0,0,0,0,0,0,0,0,0,0,0,0,0,0,0,0,0,0,0,0,0,0,0,0,0,0,0,0,0,0,0,0,0,0,0,0,0,0,0,0,0,0,0,0,1,0,0,0,0,0,0,0,0,0,0,1,0,0,0,0,0,0,0,0,0,0,0,0,0,0,0,0,0,0,0,0,0,4,0
14,Principal Platform Engineer,Ohio,['https://jobcareer.53.com/sap/public/bc/ur/YEOPGL101307/standard/ExternalJobBoard/index.html'],[3],0,0,0,0,0,0,0,0,0,0,0,1,0,0,0,0,0,0,0,0,0,0,2,1,0,0,0,16,0,0,0,0,0,0,0,0,0,0,0,0,0,0,0,0,0,0,0,0,0,0,0,0,0,0,0,0,0,0,0,0,0,0,0,0,0,0,0,0,0,0,0,0,0,0,0,0,0,0,0,0,0,0,0,0,0,0,0,0,0,0,0,0,0,0,0,0,0,0,0,0
15,CSR / Teller - Graham Sq FC - Part-time,Ohio,['https://jobcareer.53.com/sap/public/bc/ur/YEOPGL101307/standard/ExternalJobBoard/index.html'],[1],5,0,1,0,0,0,0,0,0,0,0,5,0,0,3,0,0,0,0,0,0,0,0,3,0,0,1,2,0,0,0,0,0,0,1,0,0,0,0,0,1,0,0,0,0,0,0,0,0,0,0,0,0,0,0,0,0,0,0,0,0,0,0,0,0,0,0,0,0,0,0,0,0,0,0,0,0,0,0,0,0,0,0,0,0,0,0,0,0,0,0,1,0,0,0,0,0,0,0,13
15,CSR / Teller - Graham Sq FC - Part-time,Ohio,['https://jobcareer.53.com/sap/public/bc/ur/YEOPGL101307/standard/ExternalJobBoard/index.html'],[2],1,0,0,0,0,0,5,3,0,5,0,0,0,0,0,0,0,0,0,0,0,2,0,0,0,0,0,0,0,0,0,0,0,0,0,0,5,0,0,1,0,0,0,2,0,0,0,0,3,0,0,0,0,0,0,0,1,0,0,0,0,0,0,0,0,0,2,0,0,0,1,0,0,0,0,0,0,0,0,0,0,0,0,0,0,0,0,0,0,0,0,4,0,0,0,0,0,0,13,0
15,CSR / Teller - Graham Sq FC - Part-time,Ohio,['https://jobcareer.53.com/sap/public/bc/ur/YEOPGL101307/standard/ExternalJobBoard/index.html'],[3],0,0,0,0,0,0,0,0,0,0,0,0,0,0,0,0,0,0,0,0,0,0,12,0,0,0,0,34,1,0,0,0,0,0,1,0,4,0,0,0,0,0,0,0,0,0,0,0,0,2,0,0,0,0,0,0,0,0,0,0,0,0,0,0,0,0,0,0,0,0,0,0,0,0,0,0,0,0,0,0,0,0,0,0,0,0,0,0,0,0,0,0,0,0,0,0,0,0,0,0
16,Disputes Servicing Specialist I,Michigan,['https://jobcareer.53.com/sap/public/bc/ur/YEOPGL101307/standard/ExternalJobBoard/index.html'],[1],2,0,0,0,0,0,0,0,0,0,0,0,0,5,4,0,0,0,1,0,0,0,0,0,0,0,0,1,0,0,0,0,0,0,0,0,0,0,0,0,1,0,0,0,0,0,0,0,0,0,0,0,0,0,0,0,0,0,0,0,0,1,0,0,0,0,0,0,0,0,1,0,0,0,0,0,0,0,0,0,0,0,1,0,0,0,0,0,0,1,0,2,0,0,0,1,0,0,0,2
16,Disputes Servicing Specialist I,Michigan,['https://jobcareer.53.com/sap/public/bc/ur/YEOPGL101307/standard/ExternalJobBoard/index.html'],[2],0,0,0,0,0,0,1,0,0,2,0,0,0,0,0,0,0,0,0,0,0,1,0,0,0,1,0,0,0,0,0,0,0,0,0,0,0,1,0,0,0,0,0,1,0,0,0,1,4,0,0,0,0,0,0,0,0,0,0,0,0,0,0,0,0,1,0,0,0,0,0,0,0,0,0,0,1,0,0,0,0,0,0,0,0,1,0,0,0,0,0,1,0,0,0,0,0,0,2,0
16,Disputes Servicing Specialist I,Michigan,['https://jobcareer.53.com/sap/public/bc/ur/YEOPGL101307/standard/ExternalJobBoard/index.html'],[3],0,0,0,0,0,0,0,0,0,0,0,0,0,0,0,0,0,0,0,0,0,0,11,0,0,0,0,20,1,0,0,0,0,0,1,0,1,0,0,0,0,0,0,0,0,0,1,0,0,1,0,0,0,0,0,0,0,0,0,0,0,0,0,0,0,0,0,0,0,0,0,0,0,0,0,0,0,0,0,0,0,0,0,0,0,0,0,0,0,0,0,0,0,0,0,0,0,0,0,0
17,Retail Personal Banker Associate II- Dearborn,Michigan,['https://jobcareer.53.com/sap/public/bc/ur/YEOPGL101307/standard/ExternalJobBoard/index.html'],[1],4,0,3,0,0,0,0,0,0,0,0,0,0,4,0,0,0,0,0,0,0,0,0,3,1,0,2,0,0,0,0,0,0,0,0,0,0,0,0,0,0,0,0,3,0,0,0,2,0,0,0,0,0,0,0,0,0,0,0,1,0,0,0,0,0,1,0,0,0,0,2,0,0,0,0,0,0,0,0,0,0,0,0,1,0,0,0,0,0,0,0,1,0,0,0,0,0,0,0,12
17,Retail Personal Banker Associate II- Dearborn,Michigan,['https://jobcareer.53.com/sap/public/bc/ur/YEOPGL101307/standard/ExternalJobBoard/index.html'],[2],3,0,0,0,1,0,5,3,0,4,0,0,0,0,0,0,0,0,0,0,0,0,0,0,0,0,0,0,0,0,0,0,0,0,0,0,0,0,1,0,0,0,0,0,0,0,0,0,0,0,0,0,0,0,1,0,1,0,0,0,0,0,0,0,0,0,2,0,0,0,0,0,0,0,0,0,1,0,0,0,0,0,0,0,0,0,0,0,0,0,0,1,0,0,0,0,0,0,12,0
17,Retail Personal Banker Associate II- Dearborn,Michigan,['https://jobcareer.53.com/sap/public/bc/ur/YEOPGL101307/standard/ExternalJobBoard/index.html'],[3],0,0,0,0,0,1,0,0,0,0,0,0,0,0,0,0,0,0,0,0,0,0,13,0,0,0,0,39,0,0,0,0,0,0,0,0,1,0,0,0,0,0,3,0,0,0,0,0,0,0,0,0,0,0,0,0,0,0,0,0,0,0,0,0,0,0,0,0,0,0,0,0,0,0,0,0,0,0,0,0,0,0,0,0,0,0,0,0,0,0,0,0,0,0,0,0,0,0,0,0
18,Design Coordinator.,Ohio,['https://jobcareer.53.com/sap/public/bc/ur/YEOPGL101307/standard/ExternalJobBoard/index.html'],[1],0,0,0,0,0,0,0,0,0,0,0,0,0,1,0,0,0,0,0,0,0,0,0,0,0,1,0,0,0,0,0,0,0,0,0,0,0,0,0,0,0,0,0,0,0,0,0,0,0,0,0,0,0,0,0,0,0,0,0,0,0,0,0,0,0,1,0,0,0,0,1,0,0,0,0,0,0,0,0,0,0,0,0,0,0,0,0,0,0,0,0,1,0,0,0,0,0,0,0,0
18,Design Coordinator.,Ohio,['https://jobcareer.53.com/sap/public/bc/ur/YEOPGL101307/standard/ExternalJobBoard/index.html'],[2],0,0,0,0,0,0,0,0,0,0,0,0,0,0,0,0,0,0,0,0,0,0,0,0,1,0,0,0,0,0,0,0,0,0,0,0,0,0,0,0,0,0,0,0,1,0,0,0,0,0,0,0,0,0,0,0,0,0,0,0,0,0,0,0,0,0,0,1,0,0,0,0,0,0,0,0,1,0,0,0,0,0,0,0,0,0,0,0,0,0,0,2,0,0,0,0,0,0,0,0
18,Design Coordinator.,Ohio,['https://jobcareer.53.com/sap/public/bc/ur/YEOPGL101307/standard/ExternalJobBoard/index.html'],[3],0,0,0,0,0,0,0,0,0,0,0,0,0,0,0,0,0,0,0,0,0,0,2,0,0,0,0,17,0,0,0,0,0,0,0,0,2,0,0,0,0,0,0,0,0,0,0,0,0,0,0,0,0,0,0,0,0,0,0,0,0,0,0,0,0,0,0,0,0,0,0,0,0,0,0,0,0,0,0,0,0,0,0,0,0,0,0,0,0,0,0,0,0,0,0,0,0,0,0,0
19,Lead Data Business Analyst.,Ohio,['https://jobcareer.53.com/sap/public/bc/ur/YEOPGL101307/standard/ExternalJobBoard/index.html'],[1],0,0,0,0,1,0,0,0,0,0,0,0,0,3,0,0,0,0,0,0,0,0,0,8,0,0,1,0,0,0,0,0,0,0,0,0,0,0,0,0,0,0,0,0,0,0,0,2,4,0,0,0,0,0,0,0,0,0,0,0,0,0,0,0,0,2,0,0,0,0,2,0,0,0,0,0,0,0,0,0,0,0,0,1,0,0,0,0,0,2,0,1,0,0,0,0,0,0,0,9
19,Lead Data Business Analyst.,Ohio,['https://jobcareer.53.com/sap/public/bc/ur/YEOPGL101307/standard/ExternalJobBoard/index.html'],[2],0,0,0,0,0,0,0,8,0,0,0,0,0,0,0,0,0,0,0,0,0,0,0,0,0,0,0,0,0,0,0,0,0,2,0,0,0,0,0,0,0,0,0,0,0,0,0,0,0,0,0,0,0,0,0,0,1,0,0,0,0,0,0,0,0,0,2,0,0,0,0,0,0,0,0,0,1,0,0,0,0,0,0,0,0,0,0,0,0,0,0,0,0,0,0,0,0,0,9,0
19,Lead Data Business Analyst.,Ohio,['https://jobcareer.53.com/sap/public/bc/ur/YEOPGL101307/standard/ExternalJobBoard/index.html'],[3],0,0,0,0,0,0,0,0,0,0,0,0,0,0,0,0,0,0,0,0,0,0,2,0,0,0,0,22,0,0,0,0,0,0,0,0,0,0,0,0,0,0,0,0,0,0,0,0,0,0,0,0,0,0,0,0,0,0,0,0,0,0,0,0,0,0,0,0,0,0,0,0,0,0,0,0,0,0,0,0,0,0,0,0,0,0,2,0,0,0,0,0,0,0,0,0,0,0,0,0
20,Retail Personal Banker Associate II,Florida,['https://jobcareer.53.com/sap/public/bc/ur/YEOPGL101307/standard/ExternalJobBoard/index.html'],[1],4,0,3,0,0,0,0,0,0,0,0,0,0,4,0,0,0,0,0,0,0,0,0,3,1,0,2,0,0,0,0,0,0,0,0,0,0,0,0,0,0,0,0,3,0,0,0,2,0,0,0,0,0,0,0,0,0,0,0,1,0,0,0,0,0,1,0,0,0,0,2,0,0,0,0,0,0,0,0,0,0,0,0,1,0,0,0,0,0,0,0,1,0,0,0,0,0,0,0,12
20,Retail Personal Banker Associate II,Florida,['https://jobcareer.53.com/sap/public/bc/ur/YEOPGL101307/standard/ExternalJobBoard/index.html'],[2],3,0,0,0,1,0,5,3,0,4,0,0,0,0,0,0,0,0,0,0,0,0,0,0,0,0,0,0,0,0,0,0,0,0,0,0,0,0,1,0,0,0,0,0,0,0,0,0,0,0,0,0,0,0,1,0,1,0,0,0,0,0,0,0,0,0,2,0,0,0,0,0,0,0,0,0,1,0,0,0,0,0,0,0,0,0,0,0,0,0,0,1,0,0,0,0,0,0,12,0
20,Retail Personal Banker Associate II,Florida,['https://jobcareer.53.com/sap/public/bc/ur/YEOPGL101307/standard/ExternalJobBoard/index.html'],[3],0,0,0,0,0,1,0,0,0,0,0,0,0,0,0,0,0,0,0,0,0,0,13,0,0,0,0,39,0,0,0,0,0,0,0,0,1,0,0,0,0,0,3,0,0,0,0,0,0,0,0,0,0,0,0,0,0,0,0,0,0,0,0,0,0,0,0,0,0,0,0,0,0,0,0,0,0,0,0,0,0,0,0,0,0,0,0,0,0,0,0,0,0,0,0,0,0,0,0,0
21,TM Specialist,Ohio,['https://jobcareer.53.com/sap/public/bc/ur/YEOPGL101307/standard/ExternalJobBoard/index.html'],[1],0,0,0,0,1,0,0,0,0,0,0,0,0,3,0,0,0,0,0,0,0,0,0,7,0,0,0,0,0,0,0,0,0,0,0,0,0,0,0,0,0,0,0,0,0,0,0,0,0,0,0,0,0,0,0,0,0,0,1,0,0,0,0,0,0,1,0,0,0,0,3,0,0,0,0,0,0,0,0,0,0,0,0,0,0,0,0,0,0,1,0,1,0,0,0,0,0,0,0,0
21,TM Specialist,Ohio,['https://jobcareer.53.com/sap/public/bc/ur/YEOPGL101307/standard/ExternalJobBoard/index.html'],[2],0,0,0,0,0,0,0,7,0,0,0,0,0,0,0,0,0,0,0,0,0,0,0,0,0,0,0,0,0,0,0,0,0,0,0,0,0,0,0,0,0,0,0,0,0,0,0,0,0,0,0,0,0,0,0,0,0,0,0,0,0,0,0,0,0,0,0,0,0,0,0,0,0,0,0,0,1,0,0,0,0,0,0,0,0,0,0,0,0,0,0,0,0,0,0,0,0,0,0,0
21,TM Specialist,Ohio,['https://jobcareer.53.com/sap/public/bc/ur/YEOPGL101307/standard/ExternalJobBoard/index.html'],[3],0,0,0,0,0,0,0,0,0,0,0,0,0,0,0,0,0,0,0,0,0,0,3,0,0,0,0,10,0,0,0,0,0,0,0,0,0,0,0,0,0,0,0,0,0,0,0,0,0,0,0,0,0,0,0,0,0,0,0,0,0,0,0,0,0,0,0,0,0,0,0,0,0,0,0,0,0,0,0,0,0,0,0,0,0,0,0,0,0,0,0,0,0,0,0,0,0,0,0,0
22,CSR / Teller - Groesbeck Bank Mart - Part-Time,Ohio,['https://jobcareer.53.com/sap/public/bc/ur/YEOPGL101307/standard/ExternalJobBoard/index.html'],[1],1,0,3,0,1,0,0,0,0,0,0,0,0,3,1,0,0,0,0,0,0,0,0,6,0,0,1,1,0,0,0,0,0,0,0,0,0,0,0,0,0,0,0,0,0,0,0,0,1,0,0,0,0,0,0,0,0,0,0,0,0,0,0,0,0,1,0,0,0,0,3,0,0,0,0,0,0,0,0,0,0,0,0,0,0,0,0,0,0,0,0,2,0,0,0,0,0,0,0,18
22,CSR / Teller - Groesbeck Bank Mart - Part-Time,Ohio,['https://jobcareer.53.com/sap/public/bc/ur/YEOPGL101307/standard/ExternalJobBoard/index.html'],[2],3,0,0,0,0,0,3,6,0,1,0,0,0,0,0,0,1,0,0,0,0,1,0,0,0,0,0,0,0,0,0,0,0,0,0,0,0,0,0,0,0,0,0,1,0,0,0,0,1,0,0,0,0,0,0,0,2,0,0,0,0,0,0,0,0,0,0,0,0,0,0,0,0,0,0,0,1,0,0,0,0,0,0,0,0,0,0,0,0,0,0,6,0,0,0,0,0,0,18,0
22,CSR / Teller - Groesbeck Bank Mart - Part-Time,Ohio,['https://jobcareer.53.com/sap/public/bc/ur/YEOPGL101307/standard/ExternalJobBoard/index.html'],[3],0,0,0,0,0,0,0,0,0,0,0,0,0,0,0,0,0,0,0,0,0,0,15,0,0,0,0,21,0,0,0,0,0,0,0,0,6,0,0,0,0,0,2,0,0,0,0,0,0,1,0,0,0,0,0,0,0,0,0,0,0,0,0,0,0,0,0,0,0,0,0,0,0,0,0,0,0,0,0,0,0,0,0,0,0,0,0,0,0,0,0,0,0,0,0,0,0,0,0,0
23,Mortgage Loan Originator,North Carolina,['https://jobcareer.53.com/sap/public/bc/ur/YEOPGL101307/standard/ExternalJobBoard/index.html'],[1],0,0,0,0,0,0,0,0,0,0,0,0,0,3,0,0,0,0,0,0,0,0,0,0,0,0,0,4,0,0,0,0,0,0,0,0,0,0,0,0,1,0,0,7,0,0,0,0,0,0,0,0,0,0,0,0,0,0,0,0,0,0,0,0,0,0,1,0,0,0,1,0,0,0,0,0,0,0,0,0,0,0,0,0,0,0,0,0,0,0,0,1,0,0,0,0,0,0,0,8
23,Mortgage Loan Originator,North Carolina,['https://jobcareer.53.com/sap/public/bc/ur/YEOPGL101307/standard/ExternalJobBoard/index.html'],[2],0,0,0,0,0,0,1,0,0,0,0,0,0,0,0,0,0,0,0,0,0,4,0,0,0,0,0,0,0,0,0,0,0,0,0,0,0,0,0,0,0,0,0,4,0,0,0,0,0,0,0,0,0,1,0,0,0,0,0,0,0,0,0,0,0,0,0,0,0,0,0,0,0,0,0,0,1,0,0,0,0,0,0,0,0,0,0,0,0,0,0,1,0,0,0,0,0,0,8,0
23,Mortgage Loan Originator,North Carolina,['https://jobcareer.53.com/sap/public/bc/ur/YEOPGL101307/standard/ExternalJobBoard/index.html'],[3],0,0,0,0,0,0,0,0,0,0,0,0,0,0,0,0,0,0,0,0,0,0,3,0,0,0,0,17,1,0,0,0,0,0,1,0,1,0,0,0,0,0,0,0,0,0,0,0,0,4,0,0,0,0,0,0,0,0,0,0,0,0,0,0,0,0,0,0,0,0,0,0,0,0,0,0,0,0,0,0,0,0,0,0,0,0,0,0,0,0,0,0,0,0,0,0,0,0,0,0
24,Global Payments Supervisor - Wire.,Ohio,['https://jobcareer.53.com/sap/public/bc/ur/YEOPGL101307/standard/ExternalJobBoard/index.html'],[1],0,0,0,0,0,0,0,0,0,0,0,0,0,7,0,0,0,0,0,0,0,0,0,0,0,0,0,2,0,1,0,0,0,0,0,0,1,0,0,0,0,0,0,0,0,0,0,0,0,0,0,0,0,0,0,0,0,0,0,1,0,0,0,0,0,1,0,0,0,0,1,0,0,0,0,1,1,0,0,0,0,0,0,0,0,0,0,0,0,0,0,2,0,0,0,1,0,0,0,17
24,Global Payments Supervisor - Wire.,Ohio,['https://jobcareer.53.com/sap/public/bc/ur/YEOPGL101307/standard/ExternalJobBoard/index.html'],[2],0,0,0,0,0,0,2,0,0,0,1,0,0,0,0,0,0,0,0,0,0,2,0,0,0,0,0,0,0,0,0,0,0,0,0,2,0,0,0,0,0,0,0,2,0,0,0,1,0,0,0,0,0,0,1,0,5,0,0,0,0,0,0,0,0,1,0,0,0,0,0,0,0,0,0,0,1,0,0,0,0,0,0,0,0,0,1,0,0,0,0,7,0,0,0,0,0,0,17,0
24,Global Payments Supervisor - Wire.,Ohio,['https://jobcareer.53.com/sap/public/bc/ur/YEOPGL101307/standard/ExternalJobBoard/index.html'],[3],0,0,0,0,0,0,0,0,0,0,0,1,0,0,0,0,0,0,0,0,0,0,5,0,0,0,0,37,0,0,0,0,0,1,0,0,7,0,0,0,0,0,0,0,0,0,0,0,0,2,0,0,0,0,0,0,0,0,0,0,0,0,0,0,0,0,0,0,0,0,0,0,0,0,0,0,0,0,0,0,0,0,0,0,0,0,0,0,0,0,0,0,0,0,0,0,0,0,0,0
25,Sr. Learning Designer,Ohio,['https://jobcareer.53.com/sap/public/bc/ur/YEOPGL101307/standard/ExternalJobBoard/index.html'],[1],0,1,0,0,1,0,0,0,0,0,0,0,0,4,0,0,0,0,0,0,0,0,0,4,0,0,10,0,0,0,0,0,0,0,0,0,0,0,0,0,0,0,0,0,0,0,0,1,0,0,0,0,0,0,0,0,0,0,0,0,0,0,0,0,0,1,0,0,0,0,3,0,0,1,0,0,0,0,0,0,0,0,0,0,0,0,0,0,0,2,0,1,0,0,0,0,0,0,0,5
25,Sr. Learning Designer,Ohio,['https://jobcareer.53.com/sap/public/bc/ur/YEOPGL101307/standard/ExternalJobBoard/index.html'],[2],0,0,0,0,0,0,0,4,1,0,0,0,0,0,0,0,0,0,0,0,0,0,0,0,0,0,0,1,0,0,0,0,0,0,0,0,0,0,0,0,0,0,0,0,0,0,0,0,0,0,0,0,0,0,0,0,1,0,0,0,0,0,0,0,0,0,1,0,0,0,0,0,0,0,0,0,2,0,0,0,0,0,0,0,0,0,0,0,0,0,0,9,0,0,0,0,0,0,5,0
25,Sr. Learning Designer,Ohio,['https://jobcareer.53.com/sap/public/bc/ur/YEOPGL101307/standard/ExternalJobBoard/index.html'],[3],0,0,0,0,0,0,0,0,0,0,0,1,0,0,0,0,0,0,0,0,0,0,3,0,0,0,0,31,0,0,0,0,0,0,0,0,9,0,0,0,0,0,0,0,0,0,0,0,0,0,0,0,0,0,0,0,0,0,0,0,0,0,0,0,0,0,0,0,0,0,0,0,0,0,0,0,0,0,0,0,0,0,0,0,0,0,0,0,0,0,0,0,0,0,0,0,0,0,0,0
26,Retail Personal Banker Associate I (SALES),Ohio,['https://jobcareer.53.com/sap/public/bc/ur/YEOPGL101307/standard/ExternalJobBoard/index.html'],[1],5,0,1,0,0,0,0,0,0,0,0,0,0,4,1,0,0,0,0,0,0,0,0,3,1,0,2,0,0,0,0,0,0,0,0,0,0,0,0,0,0,0,0,2,0,0,0,2,1,0,0,0,0,0,0,0,0,0,0,1,0,0,0,0,0,0,0,0,0,0,2,0,0,0,0,0,0,0,0,0,0,0,0,1,0,0,0,0,0,0,0,1,0,0,0,0,0,0,0,14
26,Retail Personal Banker Associate I (SALES),Ohio,['https://jobcareer.53.com/sap/public/bc/ur/YEOPGL101307/standard/ExternalJobBoard/index.html'],[2],1,0,0,0,1,0,1,3,0,5,0,0,0,0,0,0,1,0,0,0,0,0,0,0,0,0,0,0,0,0,0,0,0,0,0,0,0,0,1,0,0,0,0,0,0,0,0,0,1,0,0,0,0,0,1,0,1,0,0,0,0,0,0,0,0,0,2,0,0,0,0,0,0,0,0,0,1,0,0,0,0,0,0,0,0,0,0,0,0,0,0,1,0,0,0,0,0,0,14,0
26,Retail Personal Banker Associate I (SALES),Ohio,['https://jobcareer.53.com/sap/public/bc/ur/YEOPGL101307/standard/ExternalJobBoard/index.html'],[3],0,0,0,0,0,1,0,0,0,0,0,0,0,0,0,0,0,0,0,0,0,0,12,0,0,0,0,39,0,0,0,0,0,0,0,0,1,0,0,0,0,0,1,0,0,0,0,0,0,0,0,0,0,0,0,0,0,0,0,0,0,0,0,0,0,0,0,0,0,0,0,0,0,0,0,0,0,0,0,0,0,0,0,0,0,0,0,0,0,0,0,0,0,0,0,0,0,0,0,0
27,Retail Personal Banker Associate II,Michigan,['https://jobcareer.53.com/sap/public/bc/ur/YEOPGL101307/standard/ExternalJobBoard/index.html'],[1],4,0,3,0,0,0,0,0,0,0,0,0,0,4,0,0,0,0,0,0,0,0,0,3,1,0,2,0,0,0,0,0,0,0,0,0,0,0,0,0,0,0,0,3,0,0,0,2,0,0,0,0,0,0,0,0,0,0,0,1,0,0,0,0,0,1,0,0,0,0,2,0,0,0,0,0,0,0,0,0,0,0,0,1,0,0,0,0,0,0,0,1,0,0,0,0,0,0,0,12
27,Retail Personal Banker Associate II,Michigan,['https://jobcareer.53.com/sap/public/bc/ur/YEOPGL101307/standard/ExternalJobBoard/index.html'],[2],3,0,0,0,1,0,5,3,0,4,0,0,0,0,0,0,0,0,0,0,0,0,0,0,0,0,0,0,0,0,0,0,0,0,0,0,0,0,1,0,0,0,0,0,0,0,0,0,0,0,0,0,0,0,1,0,1,0,0,0,0,0,0,0,0,0,2,0,0,0,0,0,0,0,0,0,1,0,0,0,0,0,0,0,0,0,0,0,0,0,0,1,0,0,0,0,0,0,12,0
27,Retail Personal Banker Associate II,Michigan,['https://jobcareer.53.com/sap/public/bc/ur/YEOPGL101307/standard/ExternalJobBoard/index.html'],[3],0,0,0,0,0,1,0,0,0,0,0,0,0,0,0,0,0,0,0,0,0,0,13,0,0,0,0,39,0,0,0,0,0,0,0,0,1,0,0,0,0,0,3,0,0,0,0,0,0,0,0,0,0,0,0,0,0,0,0,0,0,0,0,0,0,0,0,0,0,0,0,0,0,0,0,0,0,0,0,0,0,0,0,0,0,0,0,0,0,0,0,0,0,0,0,0,0,0,0,0
28,PCS Portfolio Manager,Ohio,['https://jobcareer.53.com/sap/public/bc/ur/YEOPGL101307/standard/ExternalJobBoard/index.html'],[1],0,0,0,0,0,1,0,0,0,0,0,0,0,4,0,2,0,0,0,0,0,0,12,2,0,0,0,3,0,0,0,0,0,0,0,0,0,0,0,0,0,0,0,0,1,0,0,0,0,0,0,0,0,1,0,0,0,0,0,0,0,0,0,0,0,1,0,0,0,0,1,0,0,0,0,0,0,0,0,0,0,0,1,1,0,0,0,0,0,1,0,6,0,0,0,0,0,0,0,5
28,PCS Portfolio Manager,Ohio,['https://jobcareer.53.com/sap/public/bc/ur/YEOPGL101307/standard/ExternalJobBoard/index.html'],[2],0,0,0,0,0,0,1,2,0,0,0,12,0,0,0,0,0,0,0,0,0,3,0,0,0,0,1,0,0,0,1,0,0,0,0,0,0,0,0,0,0,0,0,3,3,0,0,0,0,0,0,0,0,0,0,0,0,0,1,0,0,0,0,0,0,0,1,0,0,0,0,0,0,0,0,0,1,0,0,0,0,0,0,0,0,1,1,0,0,0,0,0,0,0,0,0,0,0,5,0
28,PCS Portfolio Manager,Ohio,['https://jobcareer.53.com/sap/public/bc/ur/YEOPGL101307/standard/ExternalJobBoard/index.html'],[3],0,0,0,0,0,0,0,1,0,0,0,0,0,0,0,0,0,0,0,0,0,0,2,0,0,0,0,15,0,0,0,0,0,0,0,0,0,0,0,0,0,0,0,0,0,0,1,0,0,3,0,0,0,0,0,0,0,0,0,0,0,0,0,0,0,0,0,0,0,0,0,0,0,0,0,0,0,0,0,0,0,0,0,0,0,0,0,0,0,0,0,0,0,0,0,0,0,0,0,0
29,Retail Personal Banker II - Mature,Michigan,['https://jobcareer.53.com/sap/public/bc/ur/YEOPGL101307/standard/ExternalJobBoard/index.html'],[1],2,0,1,0,0,0,0,0,0,0,0,0,0,3,0,0,0,0,0,0,0,0,0,1,0,0,3,0,0,0,0,0,0,0,0,0,0,0,0,0,1,0,0,0,0,0,0,0,0,0,0,0,0,0,0,0,0,0,0,0,0,0,0,0,0,0,0,0,0,0,3,0,0,0,0,0,0,0,0,0,0,0,0,0,0,0,0,0,0,0,0,1,0,0,0,0,0,0,0,7
29,Retail Personal Banker II - Mature,Michigan,['https://jobcareer.53.com/sap/public/bc/ur/YEOPGL101307/standard/ExternalJobBoard/index.html'],[2],1,0,0,0,0,0,2,1,0,2,0,0,0,0,0,0,0,0,0,0,0,0,0,0,0,0,0,0,0,0,0,0,0,0,0,0,0,0,0,0,0,0,0,0,0,0,0,0,0,0,0,0,0,0,0,0,2,0,0,0,0,0,0,0,0,0,0,0,0,0,0,0,0,0,0,0,1,0,0,0,0,0,0,0,0,0,0,0,0,0,0,0,0,0,0,0,0,0,7,0
29,Retail Personal Banker II - Mature,Michigan,['https://jobcareer.53.com/sap/public/bc/ur/YEOPGL101307/standard/ExternalJobBoard/index.html'],[3],0,0,0,0,0,0,0,0,0,0,0,0,0,0,0,0,0,0,0,0,0,0,11,0,0,0,0,12,1,0,0,0,0,0,1,0,0,0,0,0,0,0,0,0,0,0,0,0,0,0,0,0,0,0,0,0,0,0,0,0,0,0,0,0,0,0,0,0,0,0,0,0,0,0,0,0,0,0,0,0,0,0,0,0,0,0,0,0,0,0,0,0,0,0,0,0,0,0,0,0
30,"Retail Personal Banker Associate II (SALES) Findlay, OH",Ohio,['https://jobcareer.53.com/sap/public/bc/ur/YEOPGL101307/standard/ExternalJobBoard/index.html'],[1],4,0,3,0,0,0,0,0,0,0,0,0,0,4,0,0,0,0,0,0,0,0,0,3,1,0,2,0,0,0,0,0,0,0,0,0,0,0,0,0,0,0,0,3,0,0,0,2,0,0,0,0,0,0,0,0,0,0,0,1,0,0,0,0,0,1,0,0,0,0,2,0,0,0,0,0,0,0,0,0,0,0,0,1,0,0,0,0,0,0,0,1,0,0,0,0,0,0,0,12
30,"Retail Personal Banker Associate II (SALES) Findlay, OH",Ohio,['https://jobcareer.53.com/sap/public/bc/ur/YEOPGL101307/standard/ExternalJobBoard/index.html'],[2],3,0,0,0,1,0,5,3,0,4,0,0,0,0,0,0,0,0,0,0,0,0,0,0,0,0,0,0,0,0,0,0,0,0,0,0,0,0,1,0,0,0,0,0,0,0,0,0,0,0,0,0,0,0,1,0,1,0,0,0,0,0,0,0,0,0,2,0,0,0,0,0,0,0,0,0,1,0,0,0,0,0,0,0,0,0,0,0,0,0,0,1,0,0,0,0,0,0,12,0
30,"Retail Personal Banker Associate II (SALES) Findlay, OH",Ohio,['https://jobcareer.53.com/sap/public/bc/ur/YEOPGL101307/standard/ExternalJobBoard/index.html'],[3],0,0,0,0,0,1,0,0,0,0,0,0,0,0,0,0,0,0,0,0,0,0,13,0,0,0,0,39,0,0,0,0,0,0,0,0,1,0,0,0,0,0,3,0,0,0,0,0,0,0,0,0,0,0,0,0,0,0,0,0,0,0,0,0,0,0,0,0,0,0,0,0,0,0,0,0,0,0,0,0,0,0,0,0,0,0,0,0,0,0,0,0,0,0,0,0,0,0,0,0
31,"Retail Personal Banker Associate II (SALES) Fort Wayne, IN",Indiana,['https://jobcareer.53.com/sap/public/bc/ur/YEOPGL101307/standard/ExternalJobBoard/index.html'],[1],4,0,3,0,0,0,0,0,0,0,0,0,0,4,0,0,0,0,0,0,0,0,0,3,1,0,2,0,0,0,0,0,0,0,0,0,0,0,0,0,0,0,0,3,0,0,0,2,0,0,0,0,0,0,0,0,0,0,0,1,0,0,0,0,0,1,0,0,0,0,2,0,0,0,0,0,0,0,0,0,0,0,0,1,0,0,0,0,0,0,0,1,0,0,0,0,0,0,0,12
31,"Retail Personal Banker Associate II (SALES) Fort Wayne, IN",Indiana,['https://jobcareer.53.com/sap/public/bc/ur/YEOPGL101307/standard/ExternalJobBoard/index.html'],[2],3,0,0,0,1,0,5,3,0,4,0,0,0,0,0,0,0,0,0,0,0,0,0,0,0,0,0,0,0,0,0,0,0,0,0,0,0,0,1,0,0,0,0,0,0,0,0,0,0,0,0,0,0,0,1,0,1,0,0,0,0,0,0,0,0,0,2,0,0,0,0,0,0,0,0,0,1,0,0,0,0,0,0,0,0,0,0,0,0,0,0,1,0,0,0,0,0,0,12,0
31,"Retail Personal Banker Associate II (SALES) Fort Wayne, IN",Indiana,['https://jobcareer.53.com/sap/public/bc/ur/YEOPGL101307/standard/ExternalJobBoard/index.html'],[3],0,0,0,0,0,1,0,0,0,0,0,0,0,0,0,0,0,0,0,0,0,0,13,0,0,0,0,39,0,0,0,0,0,0,0,0,1,0,0,0,0,0,3,0,0,0,0,0,0,0,0,0,0,0,0,0,0,0,0,0,0,0,0,0,0,0,0,0,0,0,0,0,0,0,0,0,0,0,0,0,0,0,0,0,0,0,0,0,0,0,0,0,0,0,0,0,0,0,0,0
32,Retail Personal Banker Associate I,Tennessee,['https://jobcareer.53.com/sap/public/bc/ur/YEOPGL101307/standard/ExternalJobBoard/index.html'],[1],5,0,1,0,0,0,0,0,0,0,0,0,0,4,1,0,0,0,0,0,0,0,0,3,1,0,2,0,0,0,0,0,0,0,0,0,0,0,0,0,0,0,0,2,0,0,0,2,1,0,0,0,0,0,0,0,0,0,0,1,0,0,0,0,0,0,0,0,0,0,2,0,0,0,0,0,0,0,0,0,0,0,0,1,0,0,0,0,0,0,0,1,0,0,0,0,0,0,0,14
32,Retail Personal Banker Associate I,Tennessee,['https://jobcareer.53.com/sap/public/bc/ur/YEOPGL101307/standard/ExternalJobBoard/index.html'],[2],1,0,0,0,1,0,1,3,0,5,0,0,0,0,0,0,1,0,0,0,0,0,0,0,0,0,0,0,0,0,0,0,0,0,0,0,0,0,1,0,0,0,0,0,0,0,0,0,1,0,0,0,0,0,1,0,1,0,0,0,0,0,0,0,0,0,2,0,0,0,0,0,0,0,0,0,1,0,0,0,0,0,0,0,0,0,0,0,0,0,0,1,0,0,0,0,0,0,14,0
32,Retail Personal Banker Associate I,Tennessee,['https://jobcareer.53.com/sap/public/bc/ur/YEOPGL101307/standard/ExternalJobBoard/index.html'],[3],0,0,0,0,0,1,0,0,0,0,0,0,0,0,0,0,0,0,0,0,0,0,12,0,0,0,0,39,0,0,0,0,0,0,0,0,1,0,0,0,0,0,1,0,0,0,0,0,0,0,0,0,0,0,0,0,0,0,0,0,0,0,0,0,0,0,0,0,0,0,0,0,0,0,0,0,0,0,0,0,0,0,0,0,0,0,0,0,0,0,0,0,0,0,0,0,0,0,0,0
33,Lead CSR/Teller - The Atrium - Full Time,North Carolina,['https://jobcareer.53.com/sap/public/bc/ur/YEOPGL101307/standard/ExternalJobBoard/index.html'],[1],7,0,1,0,0,0,0,0,0,0,0,5,0,0,2,0,0,0,0,0,0,0,0,3,0,0,1,3,0,0,0,0,0,0,1,0,0,0,0,0,1,0,0,0,0,0,0,0,0,0,0,0,0,0,0,0,0,0,0,0,0,0,0,0,0,0,0,0,0,0,0,0,0,0,0,0,0,0,0,0,0,0,0,0,0,0,0,0,0,0,0,1,0,0,0,0,0,0,0,14
33,Lead CSR/Teller - The Atrium - Full Time,North Carolina,['https://jobcareer.53.com/sap/public/bc/ur/YEOPGL101307/standard/ExternalJobBoard/index.html'],[2],1,0,0,0,0,0,5,3,0,7,0,0,0,0,0,0,0,0,0,0,0,3,0,0,0,0,0,0,0,0,0,0,0,0,0,0,5,0,0,1,0,0,0,3,0,0,0,0,2,0,0,0,0,0,0,0,1,0,0,0,0,0,0,0,0,0,2,0,0,0,1,0,0,0,0,0,0,0,0,0,0,0,0,0,0,0,0,0,0,0,0,4,0,0,0,0,0,0,14,0
33,Lead CSR/Teller - The Atrium - Full Time,North Carolina,['https://jobcareer.53.com/sap/public/bc/ur/YEOPGL101307/standard/ExternalJobBoard/index.html'],[3],0,0,0,0,0,0,0,0,0,0,0,0,0,0,0,0,0,0,0,0,0,0,11,0,0,0,0,40,1,0,0,0,0,0,1,0,4,0,0,0,0,0,0,0,0,0,0,0,0,3,0,0,0,0,0,0,0,0,0,0,0,0,0,0,0,0,0,0,0,0,0,0,0,0,0,0,0,0,0,0,0,0,0,0,0,0,0,0,0,0,0,0,0,0,0,0,0,0,0,0
34,Lead Technology Risk Manager - Cincinnati,Michigan,['https://jobcareer.53.com/sap/public/bc/ur/YEOPGL101307/standard/ExternalJobBoard/index.html'],[1],0,0,0,0,5,0,0,0,0,0,0,0,3,11,0,0,0,0,0,0,0,0,0,2,0,0,0,2,0,0,0,0,0,0,0,0,0,0,0,0,0,0,0,0,0,0,0,2,3,0,0,0,0,0,0,0,0,0,0,0,0,0,0,0,0,6,0,0,0,0,1,0,0,0,0,0,0,0,0,0,0,0,0,0,0,0,0,0,0,1,0,1,0,0,0,1,0,0,0,1
34,Lead Technology Risk Manager - Cincinnati,Michigan,['https://jobcareer.53.com/sap/public/bc/ur/YEOPGL101307/standard/ExternalJobBoard/index.html'],[2],0,0,0,0,0,0,0,2,0,0,0,0,0,0,0,0,3,0,0,0,0,2,0,3,0,0,0,0,0,0,0,0,0,0,0,0,0,0,0,0,0,3,0,2,0,0,0,0,0,0,0,0,0,0,0,0,0,0,0,0,0,0,0,0,0,1,1,0,0,0,0,0,0,0,0,0,1,0,0,0,0,0,0,0,0,0,0,1,0,0,0,5,0,0,0,0,0,0,1,0
34,Lead Technology Risk Manager - Cincinnati,Michigan,['https://jobcareer.53.com/sap/public/bc/ur/YEOPGL101307/standard/ExternalJobBoard/index.html'],[3],0,0,0,0,0,0,0,0,0,0,0,0,0,0,0,0,0,0,0,0,0,0,2,0,0,0,0,15,0,0,0,0,0,0,0,0,5,0,0,0,0,0,0,0,0,0,0,0,0,2,0,0,0,0,0,0,0,0,0,0,0,0,0,0,0,0,0,0,0,0,0,0,0,0,0,0,0,0,0,0,0,0,0,0,0,0,7,0,0,0,0,0,0,0,0,0,0,0,0,0
35,Lead CSR/Teller - Western Hills Plaza - Full Time,Ohio,['https://jobcareer.53.com/sap/public/bc/ur/YEOPGL101307/standard/ExternalJobBoard/index.html'],[1],2,0,3,0,0,0,0,0,0,0,0,0,0,3,2,0,0,0,0,0,0,0,0,4,0,0,2,2,0,0,0,0,0,0,0,0,0,0,0,0,0,0,0,0,0,0,0,1,0,0,0,0,0,0,0,0,0,0,0,0,0,0,0,0,0,2,0,0,0,0,1,0,0,0,0,0,0,0,0,0,0,0,0,0,0,0,0,0,0,0,0,2,0,0,0,0,0,0,0,18
35,Lead CSR/Teller - Western Hills Plaza - Full Time,Ohio,['https://jobcareer.53.com/sap/public/bc/ur/YEOPGL101307/standard/ExternalJobBoard/index.html'],[2],3,0,0,0,0,0,3,4,0,2,0,0,0,0,0,0,0,0,0,0,0,2,0,0,0,0,0,0,0,0,0,0,0,0,0,0,0,0,0,0,0,0,0,2,0,0,0,0,2,0,0,0,0,0,0,0,2,0,0,0,0,0,0,0,0,0,0,0,0,0,1,0,0,0,0,0,1,0,0,0,0,0,0,0,0,0,0,0,0,0,0,7,0,0,0,0,0,0,18,0
35,Lead CSR/Teller - Western Hills Plaza - Full Time,Ohio,['https://jobcareer.53.com/sap/public/bc/ur/YEOPGL101307/standard/ExternalJobBoard/index.html'],[3],0,0,0,0,0,0,0,0,0,0,0,0,0,0,0,0,0,0,0,0,0,0,15,0,0,0,0,23,0,0,0,0,0,0,0,0,7,0,0,0,0,0,3,0,0,0,0,0,0,2,0,0,0,0,0,0,0,0,0,0,0,0,0,0,0,0,0,0,0,0,0,0,0,0,0,0,0,0,0,0,0,0,0,0,0,0,0,0,0,0,0,0,0,0,0,0,0,0,0,0
36,Consumer Credit Loan Specialist,Ohio,['https://jobcareer.53.com/sap/public/bc/ur/YEOPGL101307/standard/ExternalJobBoard/index.html'],[1],1,0,2,0,0,0,0,0,0,0,0,0,0,1,0,0,0,0,0,0,4,0,0,2,0,0,0,0,0,0,0,0,0,0,0,0,0,0,0,0,6,0,0,13,0,0,0,0,0,0,0,0,4,0,0,0,0,0,0,0,0,0,0,0,0,0,6,0,0,0,5,0,0,0,0,0,0,0,1,0,0,0,0,0,0,0,1,0,0,1,0,0,0,0,0,0,0,0,0,16
36,Consumer Credit Loan Specialist,Ohio,['https://jobcareer.53.com/sap/public/bc/ur/YEOPGL101307/standard/ExternalJobBoard/index.html'],[2],2,0,0,0,0,0,5,2,0,1,0,0,0,0,0,0,0,0,0,0,0,0,0,0,0,0,0,0,0,0,0,0,0,0,4,0,0,0,0,0,4,0,0,0,0,1,0,0,0,0,0,0,0,6,0,0,1,0,0,0,0,0,0,0,0,0,0,0,0,0,0,0,0,0,0,0,1,0,0,0,0,0,0,0,0,0,0,0,0,0,0,0,0,0,0,0,0,0,16,0
36,Consumer Credit Loan Specialist,Ohio,['https://jobcareer.53.com/sap/public/bc/ur/YEOPGL101307/standard/ExternalJobBoard/index.html'],[3],0,0,0,0,0,0,0,0,4,0,0,0,0,0,0,0,0,0,0,0,0,0,18,0,0,0,0,39,6,0,0,0,0,0,6,0,0,0,0,0,0,0,2,0,0,0,0,0,0,0,0,0,0,0,0,0,0,0,0,0,0,0,0,0,0,0,0,0,0,0,0,0,0,0,0,0,0,0,0,0,0,0,0,0,0,0,0,0,0,0,0,0,0,0,0,0,0,0,0,0
37,Sr. Quantitative Analyst - Card Services,Ohio,['https://jobcareer.53.com/sap/public/bc/ur/YEOPGL101307/standard/ExternalJobBoard/index.html'],[1],0,0,0,0,0,1,0,0,0,0,0,0,0,3,1,0,0,0,0,0,0,0,0,0,0,0,0,0,0,0,0,0,0,0,0,0,0,0,0,0,0,0,0,0,0,1,0,1,0,0,0,0,0,0,0,1,0,0,0,0,0,0,0,0,0,1,0,0,0,0,1,0,0,0,0,0,0,0,0,0,0,0,0,0,0,0,0,0,0,0,0,1,0,0,0,0,0,0,0,1
37,Sr. Quantitative Analyst - Card Services,Ohio,['https://jobcareer.53.com/sap/public/bc/ur/YEOPGL101307/standard/ExternalJobBoard/index.html'],[2],0,0,0,0,0,0,0,0,0,0,0,0,0,0,0,0,0,0,0,0,0,0,0,0,0,0,0,0,0,0,1,0,0,0,0,0,0,0,0,0,0,0,0,0,0,0,0,0,1,3,0,0,0,0,0,0,1,0,0,0,0,0,0,0,0,0,0,0,0,0,0,0,0,0,0,0,1,0,0,0,0,0,0,0,0,0,0,0,0,0,0,0,0,0,0,1,0,0,1,0
37,Sr. Quantitative Analyst - Card Services,Ohio,['https://jobcareer.53.com/sap/public/bc/ur/YEOPGL101307/standard/ExternalJobBoard/index.html'],[3],0,0,0,0,0,0,0,0,0,0,0,0,0,0,0,0,0,0,0,0,0,0,2,0,0,0,0,10,0,0,0,0,0,0,0,0,0,0,0,0,0,0,0,0,0,0,0,0,0,0,0,0,0,0,0,0,0,0,0,0,0,0,0,0,0,0,0,0,0,0,0,0,0,0,0,0,0,0,0,0,0,0,0,0,0,0,0,0,0,0,0,0,0,0,0,0,0,0,0,0
38,Financial Center Manager Associate.,Indiana,['https://jobcareer.53.com/sap/public/bc/ur/YEOPGL101307/standard/ExternalJobBoard/index.html'],[1],1,0,1,0,0,0,0,0,0,0,0,0,0,0,0,0,0,0,0,0,0,0,0,3,0,0,1,0,0,1,0,0,0,0,0,0,0,0,0,0,0,0,0,0,0,0,0,3,2,0,0,0,0,0,0,0,0,0,0,1,0,0,0,0,0,1,0,0,0,0,1,0,0,0,0,0,0,0,0,0,0,0,0,0,0,0,0,0,0,0,0,0,0,0,0,0,0,0,0,4
38,Financial Center Manager Associate.,Indiana,['https://jobcareer.53.com/sap/public/bc/ur/YEOPGL101307/standard/ExternalJobBoard/index.html'],[2],1,0,0,0,0,0,1,3,0,1,0,0,0,0,0,0,0,0,1,0,0,0,0,0,0,0,0,0,0,0,0,0,0,0,0,0,0,0,0,0,0,0,0,0,0,0,0,0,0,0,0,0,0,0,1,0,1,0,0,0,0,0,0,0,0,0,3,0,0,0,0,0,0,0,0,0,0,0,0,0,0,0,0,0,0,0,0,0,0,0,0,0,0,0,0,0,0,0,4,0
38,Financial Center Manager Associate.,Indiana,['https://jobcareer.53.com/sap/public/bc/ur/YEOPGL101307/standard/ExternalJobBoard/index.html'],[3],0,0,0,0,0,0,0,0,0,0,0,0,0,0,0,0,0,0,0,0,0,0,5,0,0,0,0,19,0,0,0,0,0,0,0,0,0,0,0,0,0,0,0,0,0,0,0,0,0,0,0,0,0,0,0,0,0,0,0,0,0,0,0,0,0,0,0,0,0,0,0,0,0,0,0,0,0,0,0,0,0,0,0,0,0,0,0,0,0,0,0,0,0,0,0,0,0,0,0,0
39,Retail Personal Banker Associate II.,Michigan,['https://jobcareer.53.com/sap/public/bc/ur/YEOPGL101307/standard/ExternalJobBoard/index.html'],[1],4,0,3,0,0,0,0,0,0,0,0,0,0,4,0,0,0,0,0,0,0,0,0,3,1,0,2,0,0,0,0,0,0,0,0,0,0,0,0,0,0,0,0,3,0,0,0,2,0,0,0,0,0,0,0,0,0,0,0,1,0,0,0,0,0,1,0,0,0,0,2,0,0,0,0,0,0,0,0,0,0,0,0,1,0,0,0,0,0,0,0,1,0,0,0,0,0,0,0,12
39,Retail Personal Banker Associate II.,Michigan,['https://jobcareer.53.com/sap/public/bc/ur/YEOPGL101307/standard/ExternalJobBoard/index.html'],[2],3,0,0,0,1,0,5,3,0,4,0,0,0,0,0,0,0,0,0,0,0,0,0,0,0,0,0,0,0,0,0,0,0,0,0,0,0,0,1,0,0,0,0,0,0,0,0,0,0,0,0,0,0,0,1,0,1,0,0,0,0,0,0,0,0,0,2,0,0,0,0,0,0,0,0,0,1,0,0,0,0,0,0,0,0,0,0,0,0,0,0,1,0,0,0,0,0,0,12,0
39,Retail Personal Banker Associate II.,Michigan,['https://jobcareer.53.com/sap/public/bc/ur/YEOPGL101307/standard/ExternalJobBoard/index.html'],[3],0,0,0,0,0,1,0,0,0,0,0,0,0,0,0,0,0,0,0,0,0,0,13,0,0,0,0,39,0,0,0,0,0,0,0,0,1,0,0,0,0,0,3,0,0,0,0,0,0,0,0,0,0,0,0,0,0,0,0,0,0,0,0,0,0,0,0,0,0,0,0,0,0,0,0,0,0,0,0,0,0,0,0,0,0,0,0,0,0,0,0,0,0,0,0,0,0,0,0,0
40,Investment Accountant I.,Ohio,['https://jobcareer.53.com/sap/public/bc/ur/YEOPGL101307/standard/ExternalJobBoard/index.html'],[1],4,0,0,0,0,2,0,0,0,0,0,0,0,3,0,1,0,0,0,0,0,0,1,1,0,0,0,2,0,0,0,0,0,0,0,0,0,0,0,0,0,0,0,0,0,0,0,0,0,2,0,0,0,0,0,0,0,0,0,0,0,0,0,0,0,0,0,0,0,0,1,0,0,0,0,0,1,0,0,0,0,0,0,0,0,0,0,0,0,0,0,7,0,0,0,1,0,0,0,3
40,Investment Accountant I.,Ohio,['https://jobcareer.53.com/sap/public/bc/ur/YEOPGL101307/standard/ExternalJobBoard/index.html'],[2],0,0,0,0,0,0,0,1,0,4,0,1,0,0,0,0,0,0,0,0,0,2,0,0,0,0,0,0,0,0,2,0,0,0,0,0,0,0,0,0,0,0,0,2,0,0,0,1,0,0,0,0,0,0,0,0,0,0,0,0,0,0,0,0,0,1,0,0,0,0,0,0,0,0,0,0,1,0,0,0,0,4,0,0,0,0,0,0,0,0,0,0,0,0,0,0,0,0,3,0
40,Investment Accountant I.,Ohio,['https://jobcareer.53.com/sap/public/bc/ur/YEOPGL101307/standard/ExternalJobBoard/index.html'],[3],0,0,0,0,0,0,0,2,0,0,0,0,0,0,0,0,0,0,0,0,0,0,2,0,0,0,0,18,0,0,0,0,0,0,0,0,0,0,0,0,0,0,0,0,0,0,0,0,0,2,0,0,0,0,0,0,0,0,1,0,0,0,0,0,0,0,0,0,0,0,0,0,0,0,0,0,0,0,0,0,0,0,0,0,0,0,0,0,0,0,0,0,0,0,0,0,0,0,0,0
41,Business Banking Market Manager,Michigan,['https://jobcareer.53.com/sap/public/bc/ur/YEOPGL101307/standard/ExternalJobBoard/index.html'],[1],2,0,2,0,0,0,0,0,0,0,0,0,0,5,0,1,0,0,0,0,0,0,0,7,0,0,0,3,0,1,0,0,0,0,0,0,0,0,0,0,4,0,0,2,0,0,0,0,2,0,0,0,0,0,0,0,0,0,0,2,0,0,0,0,0,2,0,0,0,0,3,0,0,0,0,1,0,0,0,0,0,0,0,2,0,0,0,0,0,0,0,1,0,0,0,0,0,0,0,2
41,Business Banking Market Manager,Michigan,['https://jobcareer.53.com/sap/public/bc/ur/YEOPGL101307/standard/ExternalJobBoard/index.html'],[2],2,0,0,0,0,0,2,7,0,2,0,0,0,0,0,0,0,0,0,0,0,3,0,0,0,0,0,0,0,0,0,0,0,0,0,0,0,0,0,0,0,0,0,3,3,0,0,0,0,0,0,0,0,0,2,0,1,0,1,0,0,0,0,0,0,0,0,0,0,0,0,0,0,0,0,0,1,0,0,0,0,0,0,0,0,0,0,0,0,0,0,0,0,0,0,0,0,0,2,0
41,Business Banking Market Manager,Michigan,['https://jobcareer.53.com/sap/public/bc/ur/YEOPGL101307/standard/ExternalJobBoard/index.html'],[3],0,0,0,0,0,0,0,0,0,0,0,0,0,0,0,0,0,0,0,0,0,0,4,0,0,0,0,40,4,0,0,0,0,0,4,0,0,0,0,0,0,0,2,0,0,0,0,0,0,3,0,0,0,0,0,0,0,0,0,0,0,0,0,0,0,0,0,0,0,0,0,0,0,0,0,0,0,0,0,0,0,0,0,0,0,0,0,0,0,0,0,0,0,0,0,0,0,0,0,0
42,Retail Personal Banker II - Mature,Michigan,['https://jobcareer.53.com/sap/public/bc/ur/YEOPGL101307/standard/ExternalJobBoard/index.html'],[1],2,0,1,0,0,0,0,0,0,0,0,0,0,3,0,0,0,0,0,0,0,0,0,1,0,0,3,0,0,0,0,0,0,0,0,0,0,0,0,0,1,0,0,0,0,0,0,0,0,0,0,0,0,0,0,0,0,0,0,0,0,0,0,0,0,0,0,0,0,0,3,0,0,0,0,0,0,0,0,0,0,0,0,0,0,0,0,0,0,0,0,1,0,0,0,0,0,0,0,7
42,Retail Personal Banker II - Mature,Michigan,['https://jobcareer.53.com/sap/public/bc/ur/YEOPGL101307/standard/ExternalJobBoard/index.html'],[2],1,0,0,0,0,0,2,1,0,2,0,0,0,0,0,0,0,0,0,0,0,0,0,0,0,0,0,0,0,0,0,0,0,0,0,0,0,0,0,0,0,0,0,0,0,0,0,0,0,0,0,0,0,0,0,0,2,0,0,0,0,0,0,0,0,0,0,0,0,0,0,0,0,0,0,0,1,0,0,0,0,0,0,0,0,0,0,0,0,0,0,0,0,0,0,0,0,0,7,0
42,Retail Personal Banker II - Mature,Michigan,['https://jobcareer.53.com/sap/public/bc/ur/YEOPGL101307/standard/ExternalJobBoard/index.html'],[3],0,0,0,0,0,0,0,0,0,0,0,0,0,0,0,0,0,0,0,0,0,0,11,0,0,0,0,12,1,0,0,0,0,0,1,0,0,0,0,0,0,0,0,0,0,0,0,0,0,0,0,0,0,0,0,0,0,0,0,0,0,0,0,0,0,0,0,0,0,0,0,0,0,0,0,0,0,0,0,0,0,0,0,0,0,0,0,0,0,0,0,0,0,0,0,0,0,0,0,0
43,CSR / Teller - Rensselaer - Part-Time,Indiana,['https://jobcareer.53.com/sap/public/bc/ur/YEOPGL101307/standard/ExternalJobBoard/index.html'],[1],5,0,1,0,0,0,0,0,0,0,0,5,0,0,3,0,0,0,0,0,0,0,0,3,0,0,1,2,0,0,0,0,0,0,1,0,0,0,0,0,1,0,0,0,0,0,0,0,0,0,0,0,0,0,0,0,0,0,0,0,0,0,0,0,0,0,0,0,0,0,0,0,0,0,0,0,0,0,0,0,0,0,0,0,0,0,0,0,0,0,0,1,0,0,0,0,0,0,0,13
43,CSR / Teller - Rensselaer - Part-Time,Indiana,['https://jobcareer.53.com/sap/public/bc/ur/YEOPGL101307/standard/ExternalJobBoard/index.html'],[2],1,0,0,0,0,0,5,3,0,5,0,0,0,0,0,0,0,0,0,0,0,2,0,0,0,0,0,0,0,0,0,0,0,0,0,0,5,0,0,1,0,0,0,2,0,0,0,0,3,0,0,0,0,0,0,0,1,0,0,0,0,0,0,0,0,0,2,0,0,0,1,0,0,0,0,0,0,0,0,0,0,0,0,0,0,0,0,0,0,0,0,4,0,0,0,0,0,0,13,0
43,CSR / Teller - Rensselaer - Part-Time,Indiana,['https://jobcareer.53.com/sap/public/bc/ur/YEOPGL101307/standard/ExternalJobBoard/index.html'],[3],0,0,0,0,0,0,0,0,0,0,0,0,0,0,0,0,0,0,0,0,0,0,12,0,0,0,0,34,1,0,0,0,0,0,1,0,4,0,0,0,0,0,0,0,0,0,0,0,0,2,0,0,0,0,0,0,0,0,0,0,0,0,0,0,0,0,0,0,0,0,0,0,0,0,0,0,0,0,0,0,0,0,0,0,0,0,0,0,0,0,0,0,0,0,0,0,0,0,0,0
44,Retail Personal Banker I,Michigan,['https://jobcareer.53.com/sap/public/bc/ur/YEOPGL101307/standard/ExternalJobBoard/index.html'],[1],2,0,1,0,0,0,0,0,0,0,0,0,0,3,2,0,0,0,0,0,0,0,0,1,0,0,3,0,0,0,0,0,0,0,0,0,0,0,0,0,1,0,0,0,0,0,0,0,0,0,0,0,0,0,0,0,0,0,0,0,0,0,0,0,0,0,0,0,0,0,3,0,0,0,0,0,0,0,0,0,0,0,0,0,0,0,0,0,0,0,0,1,0,0,0,0,0,0,0,7
44,Retail Personal Banker I,Michigan,['https://jobcareer.53.com/sap/public/bc/ur/YEOPGL101307/standard/ExternalJobBoard/index.html'],[2],1,0,0,0,0,0,2,1,0,2,0,0,0,0,0,0,0,0,0,0,0,0,0,0,0,0,0,0,0,0,0,0,0,0,0,0,0,0,0,0,0,0,0,0,0,0,0,0,2,0,0,0,0,0,0,0,2,0,0,0,0,0,0,0,0,0,0,0,0,0,0,0,0,0,0,0,1,0,0,0,0,0,0,0,0,0,0,0,0,0,0,0,0,0,0,0,0,0,7,0
44,Retail Personal Banker I,Michigan,['https://jobcareer.53.com/sap/public/bc/ur/YEOPGL101307/standard/ExternalJobBoard/index.html'],[3],0,0,0,0,0,0,0,0,0,0,0,0,0,0,0,0,0,0,0,0,0,0,11,0,0,0,0,13,1,0,0,0,0,0,1,0,0,0,0,0,0,0,0,0,0,0,0,0,0,0,0,0,0,0,0,0,0,0,0,0,0,0,0,0,0,0,0,0,0,0,0,0,0,0,0,0,0,0,0,0,0,0,0,0,0,0,0,0,0,0,0,0,0,0,0,0,0,0,0,0
45,CSR / Teller - Oxford FC - Part-Time,Ohio,['https://jobcareer.53.com/sap/public/bc/ur/YEOPGL101307/standard/ExternalJobBoard/index.html'],[1],5,0,1,0,0,0,0,0,0,0,0,5,0,0,3,0,0,0,0,0,0,0,0,3,0,0,1,2,0,0,0,0,0,0,1,0,0,0,0,0,1,0,0,0,0,0,0,0,0,0,0,0,0,0,0,0,0,0,0,0,0,0,0,0,0,0,0,0,0,0,0,0,0,0,0,0,0,0,0,0,0,0,0,0,0,0,0,0,0,0,0,1,0,0,0,0,0,0,0,13
45,CSR / Teller - Oxford FC - Part-Time,Ohio,['https://jobcareer.53.com/sap/public/bc/ur/YEOPGL101307/standard/ExternalJobBoard/index.html'],[2],1,0,0,0,0,0,5,3,0,5,0,0,0,0,0,0,0,0,0,0,0,2,0,0,0,0,0,0,0,0,0,0,0,0,0,0,5,0,0,1,0,0,0,2,0,0,0,0,3,0,0,0,0,0,0,0,1,0,0,0,0,0,0,0,0,0,2,0,0,0,1,0,0,0,0,0,0,0,0,0,0,0,0,0,0,0,0,0,0,0,0,4,0,0,0,0,0,0,13,0
45,CSR / Teller - Oxford FC - Part-Time,Ohio,['https://jobcareer.53.com/sap/public/bc/ur/YEOPGL101307/standard/ExternalJobBoard/index.html'],[3],0,0,0,0,0,0,0,0,0,0,0,0,0,0,0,0,0,0,0,0,0,0,12,0,0,0,0,34,1,0,0,0,0,0,1,0,4,0,0,0,0,0,0,0,0,0,0,0,0,2,0,0,0,0,0,0,0,0,0,0,0,0,0,0,0,0,0,0,0,0,0,0,0,0,0,0,0,0,0,0,0,0,0,0,0,0,0,0,0,0,0,0,0,0,0,0,0,0,0,0
46,Retail Personal Banker Associate I - Buffalo Grove,Illinois,['https://jobcareer.53.com/sap/public/bc/ur/YEOPGL101307/standard/ExternalJobBoard/index.html'],[1],5,0,1,0,0,0,0,0,0,0,0,0,0,4,1,0,0,0,0,0,0,0,0,3,1,0,2,0,0,0,0,0,0,0,0,0,0,0,0,0,0,0,0,2,0,0,0,2,1,0,0,0,0,0,0,0,0,0,0,1,0,0,0,0,0,0,0,0,0,0,2,0,0,0,0,0,0,0,0,0,0,0,0,1,0,0,0,0,0,0,0,1,0,0,0,0,0,0,0,14
46,Retail Personal Banker Associate I - Buffalo Grove,Illinois,['https://jobcareer.53.com/sap/public/bc/ur/YEOPGL101307/standard/ExternalJobBoard/index.html'],[2],1,0,0,0,1,0,1,3,0,5,0,0,0,0,0,0,1,0,0,0,0,0,0,0,0,0,0,0,0,0,0,0,0,0,0,0,0,0,1,0,0,0,0,0,0,0,0,0,1,0,0,0,0,0,1,0,1,0,0,0,0,0,0,0,0,0,2,0,0,0,0,0,0,0,0,0,1,0,0,0,0,0,0,0,0,0,0,0,0,0,0,1,0,0,0,0,0,0,14,0
46,Retail Personal Banker Associate I - Buffalo Grove,Illinois,['https://jobcareer.53.com/sap/public/bc/ur/YEOPGL101307/standard/ExternalJobBoard/index.html'],[3],0,0,0,0,0,1,0,0,0,0,0,0,0,0,0,0,0,0,0,0,0,0,12,0,0,0,0,39,0,0,0,0,0,0,0,0,1,0,0,0,0,0,1,0,0,0,0,0,0,0,0,0,0,0,0,0,0,0,0,0,0,0,0,0,0,0,0,0,0,0,0,0,0,0,0,0,0,0,0,0,0,0,0,0,0,0,0,0,0,0,0,0,0,0,0,0,0,0,0,0
47,Retail Personal Banker Associate II,Tennessee,['https://jobcareer.53.com/sap/public/bc/ur/YEOPGL101307/standard/ExternalJobBoard/index.html'],[1],4,0,3,0,0,0,0,0,0,0,0,0,0,4,0,0,0,0,0,0,0,0,0,3,1,0,2,0,0,0,0,0,0,0,0,0,0,0,0,0,0,0,0,3,0,0,0,2,0,0,0,0,0,0,0,0,0,0,0,1,0,0,0,0,0,1,0,0,0,0,2,0,0,0,0,0,0,0,0,0,0,0,0,1,0,0,0,0,0,0,0,1,0,0,0,0,0,0,0,12
47,Retail Personal Banker Associate II,Tennessee,['https://jobcareer.53.com/sap/public/bc/ur/YEOPGL101307/standard/ExternalJobBoard/index.html'],[2],3,0,0,0,1,0,5,3,0,4,0,0,0,0,0,0,0,0,0,0,0,0,0,0,0,0,0,0,0,0,0,0,0,0,0,0,0,0,1,0,0,0,0,0,0,0,0,0,0,0,0,0,0,0,1,0,1,0,0,0,0,0,0,0,0,0,2,0,0,0,0,0,0,0,0,0,1,0,0,0,0,0,0,0,0,0,0,0,0,0,0,1,0,0,0,0,0,0,12,0
47,Retail Personal Banker Associate II,Tennessee,['https://jobcareer.53.com/sap/public/bc/ur/YEOPGL101307/standard/ExternalJobBoard/index.html'],[3],0,0,0,0,0,1,0,0,0,0,0,0,0,0,0,0,0,0,0,0,0,0,13,0,0,0,0,39,0,0,0,0,0,0,0,0,1,0,0,0,0,0,3,0,0,0,0,0,0,0,0,0,0,0,0,0,0,0,0,0,0,0,0,0,0,0,0,0,0,0,0,0,0,0,0,0,0,0,0,0,0,0,0,0,0,0,0,0,0,0,0,0,0,0,0,0,0,0,0,0
48,Retail Personal Banker I - Niles,Illinois,['https://jobcareer.53.com/sap/public/bc/ur/YEOPGL101307/standard/ExternalJobBoard/index.html'],[1],2,0,1,0,0,0,0,0,0,0,0,0,0,3,2,0,0,0,0,0,0,0,0,1,0,0,3,0,0,0,0,0,0,0,0,0,0,0,0,0,1,0,0,0,0,0,0,0,0,0,0,0,0,0,0,0,0,0,0,0,0,0,0,0,0,0,0,0,0,0,3,0,0,0,0,0,0,0,0,0,0,0,0,0,0,0,0,0,0,0,0,1,0,0,0,0,0,0,0,7
48,Retail Personal Banker I - Niles,Illinois,['https://jobcareer.53.com/sap/public/bc/ur/YEOPGL101307/standard/ExternalJobBoard/index.html'],[2],1,0,0,0,0,0,2,1,0,2,0,0,0,0,0,0,0,0,0,0,0,0,0,0,0,0,0,0,0,0,0,0,0,0,0,0,0,0,0,0,0,0,0,0,0,0,0,0,2,0,0,0,0,0,0,0,2,0,0,0,0,0,0,0,0,0,0,0,0,0,0,0,0,0,0,0,1,0,0,0,0,0,0,0,0,0,0,0,0,0,0,0,0,0,0,0,0,0,7,0
48,Retail Personal Banker I - Niles,Illinois,['https://jobcareer.53.com/sap/public/bc/ur/YEOPGL101307/standard/ExternalJobBoard/index.html'],[3],0,0,0,0,0,0,0,0,0,0,0,0,0,0,0,0,0,0,0,0,0,0,11,0,0,0,0,13,1,0,0,0,0,0,1,0,0,0,0,0,0,0,0,0,0,0,0,0,0,0,0,0,0,0,0,0,0,0,0,0,0,0,0,0,0,0,0,0,0,0,0,0,0,0,0,0,0,0,0,0,0,0,0,0,0,0,0,0,0,0,0,0,0,0,0,0,0,0,0,0
49,Mortgage Loan Originator.,Florida,['https://jobcareer.53.com/sap/public/bc/ur/YEOPGL101307/standard/ExternalJobBoard/index.html'],[1],0,0,0,0,0,0,0,0,0,0,0,0,0,3,0,0,0,0,0,0,0,0,0,0,0,0,0,4,0,0,0,0,0,0,0,0,0,0,0,0,1,0,0,7,0,0,0,0,0,0,0,0,0,0,0,0,0,0,0,0,0,0,0,0,0,0,1,0,0,0,1,0,0,0,0,0,0,0,0,0,0,0,0,0,0,0,0,0,0,0,0,1,0,0,0,0,0,0,0,8
49,Mortgage Loan Originator.,Florida,['https://jobcareer.53.com/sap/public/bc/ur/YEOPGL101307/standard/ExternalJobBoard/index.html'],[2],0,0,0,0,0,0,1,0,0,0,0,0,0,0,0,0,0,0,0,0,0,4,0,0,0,0,0,0,0,0,0,0,0,0,0,0,0,0,0,0,0,0,0,4,0,0,0,0,0,0,0,0,0,1,0,0,0,0,0,0,0,0,0,0,0,0,0,0,0,0,0,0,0,0,0,0,1,0,0,0,0,0,0,0,0,0,0,0,0,0,0,1,0,0,0,0,0,0,8,0
49,Mortgage Loan Originator.,Florida,['https://jobcareer.53.com/sap/public/bc/ur/YEOPGL101307/standard/ExternalJobBoard/index.html'],[3],0,0,0,0,0,0,0,0,0,0,0,0,0,0,0,0,0,0,0,0,0,0,3,0,0,0,0,17,1,0,0,0,0,0,1,0,1,0,0,0,0,0,0,0,0,0,0,0,0,4,0,0,0,0,0,0,0,0,0,0,0,0,0,0,0,0,0,0,0,0,0,0,0,0,0,0,0,0,0,0,0,0,0,0,0,0,0,0,0,0,0,0,0,0,0,0,0,0,0,0
